model_a,model_b,delta,ci_low,ci_high,p_value,n,p_adj,significant
GPT-3.5 Turbo,Llama 3 8B,0.013032331576698475,0.002492522432701816,0.024141860133884085,0.0215,28084,0.0645,False
GPT-3.5 Turbo,Mixtral 8x22B,-0.06195698618430423,-0.07199829084176035,-0.05141717704030757,0.0001,28084,0.0036000000000000003,True
Mixtral 8x22B,Nemotron-4 340B,-0.05704315624554901,-0.06630109670987039,-0.04750035607463321,0.0001,28084,0.0036000000000000003,True
Llama 3 70B,Nemotron-4 340B,0.009970089730807596,0.0014242985329725455,0.019014385415182966,0.0276,28084,0.0645,False
GPT-4 (0125),Llama 3 70B,0.015026349522859972,0.006622988178322187,0.0237145705739924,0.0002,28084,0.0036000000000000003,True
GPT-4 (0125),Llama 3 405B,-0.022005412334425323,-0.029981484119071318,-0.013744480843184692,0.0001,28084,0.0036000000000000003,True
GPT-4o,Llama 3 405B,0.017946161515453585,0.010539809143996654,0.02556615866685663,0.0001,28084,0.0036000000000000003,True
Claude 3.5 Sonnet,GPT-4o,0.008047286711294732,0.0009257940464321157,0.015311209229454503,0.0301,28084,0.0645,False
